{
  "n_states": 2,
  "n_observations": 64,
  "startprob": [
    0.9972740849113576,
    0.0027259150886424256
  ],
  "transmat": [
    [
      0.9993364465015974,
      0.0006635534984026793
    ],
    [
      0.10011023275771233,
      0.8998897672422876
    ]
  ],
  "emissionprob": [
    [
      0.025949227248700326,
      0.01859288681252638,
      0.03292491601205078,
      0.017523750133494706,
      0.01537173038789425,
      0.017885550766099174,
      0.005847748093187806,
      0.01355247772539249,
      0.012694802288561836,
      0.019429379950432885,
      0.011858751285926991,
      0.013050814968519097,
      0.007387464079691212,
      0.019690239760713175,
      0.021914783088904655,
      0.01612326656344907,
      0.012856154866641217,
      0.01467146850581363,
      0.03567038847652927,
      0.011277571170347203,
      0.017856905759710922,
      0.019250837688912847,
      0.006602432807798398,
      0.018385404787770312,
      0.006501491985474222,
      0.009680230220103916,
      0.011525984202828297,
      0.004699228035835091,
      0.007033126154550849,
      0.018118341685648225,
      0.038070499701685974,
      0.013461491645699965,
      0.03168157803598448,
      0.02516584393554734,
      0.04095697312370887,
      0.023510127731406198,
      0.016875432446815046,
      0.02746604598734708,
      0.006719772829289656,
      0.018876067755006307,
      0.01696268047375625,
      0.02132559094628082,
      0.015752261478370923,
      0.010908281034201562,
      0.007367916341468359,
      0.013724495142145887,
      0.027373090395989882,
      0.01135195708029462,
      0.0006610726193651685,
      0.01432608047041478,
      0.0004991305275902392,
      0.012129498848646258,
      0.012855217003943754,
      0.016976721618141136,
      0.004284813305902904,
      0.015554050896281216,
      0.0012875649012709929,
      0.011164840074112054,
      0.011981370134601117,
      0.010132347030474147,
      0.007916766990062715,
      0.01872787205076849,
      0.012943670854353126,
      0.01708152107556345
    ],
    [
      0.02096342551293488,
      0.03166815343443354,
      0.0031222123104371097,
      0.008920606601248885,
      0.03389830508474576,
      0.043264942016057094,
      0.003568242640499554,
      0.01159678858162355,
      0.0008920606601248885,
      0.007582515611061552,
      0.00044603033006244426,
      0.0026761819803746653,
      0.047725245316681535,
      0.04906333630686887,
      0.010704727921498661,
      0.030776092774308653,
      0.021855486173059768,
      0.02007136485280999,
      0.0022301516503122213,
      0.006690454950936664,
      0.012934879571810883,
      0.03612845673505798,
      0.0031222123104371097,
      0.010704727921498661,
      0.008028545941123996,
      0.006690454950936664,
      0.00044603033006244426,
      0.0026761819803746653,
      0.0735950044603033,
      0.03791257805530776,
      0.012934879571810883,
      0.01694915254237288,
      0.0191793041926851,
      0.013826940231935772,
      0.006690454950936664,
      0.004014272970561998,
      0.019625334522747548,
      0.034344335414808205,
      0.0026761819803746653,
      0.012934879571810883,
      0.017395182872435324,
      0.024977698483496878,
      0.005798394290811775,
      0.0053523639607493305,
      0.0191793041926851,
      0.015611061552185548,
      0.003568242640499554,
      0.007136485280999108,
      0.0013380909901873326,
      0.025869759143621766,
      0.0013380909901873326,
      0.009812667261373774,
      0.02007136485280999,
      0.0231935771632471,
      0.0026761819803746653,
      0.010258697591436218,
      0.025423728813559324,
      0.004014272970561998,
      0.0031222123104371097,
      0.0013380909901873326,
      0.019625334522747548,
      0.0352363960749331,
      0.0026761819803746653,
      0.021855486173059768
    ]
  ],
  "trinuc_order": [
    "AAA",
    "AAC",
    "AAG",
    "AAT",
    "ACA",
    "ACC",
    "ACG",
    "ACT",
    "AGA",
    "AGC",
    "AGG",
    "AGT",
    "ATA",
    "ATC",
    "ATG",
    "ATT",
    "CAA",
    "CAC",
    "CAG",
    "CAT",
    "CCA",
    "CCC",
    "CCG",
    "CCT",
    "CGA",
    "CGC",
    "CGG",
    "CGT",
    "CTA",
    "CTC",
    "CTG",
    "CTT",
    "GAA",
    "GAC",
    "GAG",
    "GAT",
    "GCA",
    "GCC",
    "GCG",
    "GCT",
    "GGA",
    "GGC",
    "GGG",
    "GGT",
    "GTA",
    "GTC",
    "GTG",
    "GTT",
    "TAA",
    "TAC",
    "TAG",
    "TAT",
    "TCA",
    "TCC",
    "TCG",
    "TCT",
    "TGA",
    "TGC",
    "TGG",
    "TGT",
    "TTA",
    "TTC",
    "TTG",
    "TTT"
  ],
  "ngram": 3,
  "training": {
    "train_method": "em",
    "learn": "t",
    "n_em_iter": 20,
    "n_viterbi_iter": 0,
    "self_loop": 0.995,
    "emis_smooth": 1.0,
    "trans_smooth": 1.0,
    "n_workers": 8
  }
}