{
  "n_states": 2,
  "n_observations": 16,
  "startprob": [
    1.0,
    6.756208956030592e-18
  ],
  "transmat": [
    [
      0.9981858867519425,
      0.0018141132480575127
    ],
    [
      0.0010936184785585803,
      0.9989063815214414
    ]
  ],
  "emissionprob": [
    [
      0.03767468294742043,
      0.05568272161847941,
      0.07925784392593156,
      0.033116710185866156,
      0.08222941691003789,
      0.10544940351896005,
      0.04798920586368915,
      0.07701136089929578,
      0.06907337019825097,
      0.09358221384266564,
      0.09204867617178795,
      0.0437894630806299,
      0.01620241005238911,
      0.057966854699024975,
      0.07987864055117032,
      0.02904702553440071
    ],
    [
      0.10854527140452873,
      0.05438016411568753,
      0.0847029087730816,
      0.0722651847155505,
      0.07718751218234854,
      0.04555095607629534,
      0.014108817414744549,
      0.06166482116412814,
      0.08662340731910365,
      0.04307370327007391,
      0.05131229988852858,
      0.04718796899948696,
      0.04777616906896068,
      0.055516839472001554,
      0.07767845440944864,
      0.07242552172603109
    ]
  ],
  "dinuc_order": [
    "AA",
    "AC",
    "AG",
    "AT",
    "CA",
    "CC",
    "CG",
    "CT",
    "GA",
    "GC",
    "GG",
    "GT",
    "TA",
    "TC",
    "TG",
    "TT"
  ],
  "ngram": 2,
  "training": {
    "train_method": "hybrid",
    "learn": "t",
    "n_em_iter": 5,
    "n_viterbi_iter": 15,
    "self_loop": 0.995,
    "emis_smooth": 1.0,
    "trans_smooth": 1.0,
    "n_workers": 8
  }
}