{
  "n_states": 2,
  "n_observations": 4,
  "startprob": [
    0.9999834885086846,
    1.6511491315387732e-05
  ],
  "transmat": [
    [
      0.9988160572857231,
      0.00118394271427684
    ],
    [
      0.0174510890822867,
      0.9825489109177133
    ]
  ],
  "emissionprob": [
    [
      0.2621998180715351,
      0.2555047373460181,
      0.2640546389832954,
      0.21824080559915143
    ],
    [
      0.2887972629177998,
      0.31897534871479954,
      0.1307132204579349,
      0.26151416790946574
    ]
  ],
  "base_order": [
    "A",
    "C",
    "G",
    "T"
  ]
}