{
  "n_states": 2,
  "n_observations": 16,
  "startprob": [
    0.9999999368334196,
    6.316658033128349e-08
  ],
  "transmat": [
    [
      0.979802244821848,
      0.020197755178151977
    ],
    [
      0.09576490764246968,
      0.9042350923575303
    ]
  ],
  "emissionprob": [
    [
      0.072550801553424,
      0.05495117414211829,
      0.08192623073072557,
      0.05246482174235452,
      0.07968495734527237,
      0.07540036936645482,
      0.031020759310236092,
      0.06955260523678543,
      0.07773800659334577,
      0.06866940518638849,
      0.07202870590062341,
      0.045641208117925,
      0.031769148414142655,
      0.05664243199009375,
      0.07924054211662447,
      0.05071883225348536
    ],
    [
      0.08027724162133708,
      0.0878224249868398,
      0.04123530443937533,
      0.0793121600280751,
      0.08975258817336375,
      0.10703632216178277,
      0.02719775399192841,
      0.09527987366204597,
      0.034391998596244956,
      0.04342867169678891,
      0.029040182488155816,
      0.023863835760659764,
      0.08352342516230918,
      0.08097911914370942,
      0.033514651693279524,
      0.06334444639410423
    ]
  ],
  "dinuc_order": [
    "AA",
    "AC",
    "AG",
    "AT",
    "CA",
    "CC",
    "CG",
    "CT",
    "GA",
    "GC",
    "GG",
    "GT",
    "TA",
    "TC",
    "TG",
    "TT"
  ]
}