{
  "n_states": 2,
  "n_observations": 20,
  "startprob": [
    0.6646123277730229,
    0.3353876722269772
  ],
  "transmat": [
    [
      0.998826778904131,
      0.0011732210958689624
    ],
    [
      0.039790001305857664,
      0.9602099986941424
    ]
  ],
  "emissionprob": [
    [
      0.0705072921192111,
      0.021410249471588733,
      0.04893302198927998,
      0.0729473226706634,
      0.036082879698196034,
      0.06536391609145172,
      0.025950287712439637,
      0.04333491468646668,
      0.05883071801066458,
      0.09844413493772676,
      0.021858059729752525,
      0.03609558683404538,
      0.06157179419195333,
      0.0487471684994307,
      0.05676747357227375,
      0.08166880861596648,
      0.05256907681839439,
      0.06046085004934108,
      0.012034615800863888,
      0.026421828500289873
    ],
    [
      0.06720924127067472,
      0.006038330270412182,
      0.0175899186138094,
      0.023365712785508006,
      0.056970333420845364,
      0.05592018902599107,
      0.025728537673930164,
      0.08427408768705696,
      0.02520346547650302,
      0.16933578367025465,
      0.05460750853242321,
      0.043318456287739567,
      0.05775794171698609,
      0.023890784982935155,
      0.01680231031766868,
      0.0721974271462326,
      0.09241270674717773,
      0.044106064583880285,
      0.027566290364925177,
      0.03570490942504594
    ]
  ],
  "aa_order": [
    "A",
    "C",
    "D",
    "E",
    "F",
    "G",
    "H",
    "I",
    "K",
    "L",
    "M",
    "N",
    "P",
    "Q",
    "R",
    "S",
    "T",
    "V",
    "W",
    "Y"
  ]
}