{
  "n_states": 2,
  "n_observations": 64,
  "startprob": [
    0.9999994887571992,
    5.112428007834817e-07
  ],
  "transmat": [
    [
      0.9991620991616282,
      0.0008379008383717926
    ],
    [
      0.12128881047221474,
      0.8787111895277853
    ]
  ],
  "emissionprob": [
    [
      0.02569230825628439,
      0.018597749827925534,
      0.03300046964624051,
      0.017413207439742152,
      0.015347961182654708,
      0.017872515059328974,
      0.005867380829644631,
      0.013357980828354623,
      0.012314810264728556,
      0.019348580571847313,
      0.01165223830446988,
      0.012944547358888382,
      0.0072648579741231,
      0.019866653135509296,
      0.021806805791650896,
      0.0161018081310655,
      0.01270206307923017,
      0.014744330498425936,
      0.035930809753922724,
      0.01114511688326031,
      0.017651283420531804,
      0.01913933950597262,
      0.006390297881747429,
      0.018246524415966525,
      0.00650132204883068,
      0.009749811406013931,
      0.011683616111784808,
      0.004732610455844553,
      0.007050122775763804,
      0.018298570184503083,
      0.038600985983326515,
      0.013468550244607224,
      0.03155950347334508,
      0.025267004862075233,
      0.04121677772563611,
      0.023551285661803756,
      0.016977667511528745,
      0.027561705395428352,
      0.006630434162218809,
      0.019172183652700667,
      0.01692744074631479,
      0.021460415587503504,
      0.01582959799608942,
      0.010993220825193642,
      0.007403473451808917,
      0.013868396872929114,
      0.027670557895279516,
      0.011376677862353699,
      0.0006309621372138243,
      0.01433927743712455,
      0.00048092220498654705,
      0.012020605038555678,
      0.012732986135714447,
      0.01687551562595779,
      0.0042328671348465675,
      0.01534285683659638,
      0.0012325882055360532,
      0.011263546992442737,
      0.01200639639525513,
      0.010096507870924823,
      0.00784512931466312,
      0.018844800177148652,
      0.0129499858075978,
      0.017153479751035986
    ],
    [
      0.02227979274611399,
      0.0344559585492228,
      0.002849740932642487,
      0.00854922279792746,
      0.034974093264248704,
      0.04041450777202073,
      0.002849740932642487,
      0.013730569948186529,
      0.0005181347150259067,
      0.010362694300518135,
      0.0005181347150259067,
      0.0038860103626943004,
      0.043523316062176166,
      0.051036269430051816,
      0.010621761658031088,
      0.03238341968911917,
      0.021502590673575128,
      0.02072538860103627,
      0.00233160621761658,
      0.004922279792746114,
      0.013730569948186529,
      0.031088082901554404,
      0.002072538860103627,
      0.010880829015544042,
      0.007512953367875648,
      0.006994818652849741,
      0.0007772020725388601,
      0.002072538860103627,
      0.07176165803108808,
      0.043523316062176166,
      0.011917098445595855,
      0.01709844559585492,
      0.01683937823834197,
      0.013471502590673576,
      0.006476683937823834,
      0.004145077720207254,
      0.02098445595854922,
      0.03238341968911917,
      0.00233160621761658,
      0.011398963730569948,
      0.017616580310880828,
      0.022797927461139896,
      0.009067357512953367,
      0.006476683937823834,
      0.01839378238341969,
      0.012694300518134714,
      0.004922279792746114,
      0.008290155440414507,
      0.0010362694300518134,
      0.023316062176165803,
      0.0007772020725388601,
      0.012176165803108808,
      0.021761658031088083,
      0.025906735751295335,
      0.002072538860103627,
      0.00854922279792746,
      0.024352331606217616,
      0.00466321243523316,
      0.0031088082901554403,
      0.0015544041450777201,
      0.01917098445595855,
      0.03626943005181347,
      0.004922279792746114,
      0.020207253886010364
    ]
  ],
  "triplet_order": [
    "AAA",
    "AAC",
    "AAG",
    "AAT",
    "ACA",
    "ACC",
    "ACG",
    "ACT",
    "AGA",
    "AGC",
    "AGG",
    "AGT",
    "ATA",
    "ATC",
    "ATG",
    "ATT",
    "CAA",
    "CAC",
    "CAG",
    "CAT",
    "CCA",
    "CCC",
    "CCG",
    "CCT",
    "CGA",
    "CGC",
    "CGG",
    "CGT",
    "CTA",
    "CTC",
    "CTG",
    "CTT",
    "GAA",
    "GAC",
    "GAG",
    "GAT",
    "GCA",
    "GCC",
    "GCG",
    "GCT",
    "GGA",
    "GGC",
    "GGG",
    "GGT",
    "GTA",
    "GTC",
    "GTG",
    "GTT",
    "TAA",
    "TAC",
    "TAG",
    "TAT",
    "TCA",
    "TCC",
    "TCG",
    "TCT",
    "TGA",
    "TGC",
    "TGG",
    "TGT",
    "TTA",
    "TTC",
    "TTG",
    "TTT"
  ]
}