{
  "n_states": 2,
  "n_observations": 64,
  "startprob": [
    0.9995631186455145,
    0.0004368813544855132
  ],
  "transmat": [
    [
      0.9996749979714501,
      0.00032500202854991803
    ],
    [
      0.09733170133752823,
      0.9026682986624718
    ]
  ],
  "emissionprob": [
    [
      0.025195386785491942,
      0.018217107867467615,
      0.032320319829042786,
      0.016996074326969243,
      0.015169217688648831,
      0.0178387846482271,
      0.005908183305493025,
      0.013284203584273367,
      0.012447548761527153,
      0.019605359548088813,
      0.012180939353256892,
      0.012906047838790818,
      0.007128925970517039,
      0.01937392844339929,
      0.020822523563337386,
      0.015776530421475917,
      0.01253987968861516,
      0.014725888208093372,
      0.035584947493891836,
      0.011006824908213362,
      0.01780074166194435,
      0.019991536405137,
      0.007366024739752391,
      0.018649322379139258,
      0.006656323839951147,
      0.010563521870882844,
      0.012503872830652915,
      0.004903569932325617,
      0.007034523657475266,
      0.018626466618381337,
      0.03815566086422982,
      0.013555317155192027,
      0.031033566060156045,
      0.024923867751790844,
      0.04084706992760991,
      0.02303137021475689,
      0.01711075859354128,
      0.028306934621153645,
      0.007689257907031086,
      0.019465527774597244,
      0.01732032996561235,
      0.022198805277468318,
      0.016683074687742976,
      0.011169256824621745,
      0.007347549739926475,
      0.013908157919997081,
      0.02727258143433517,
      0.011331715184255069,
      8.814408313890951e-09,
      0.01389981948973214,
      8.814408313890951e-09,
      0.011695794319660335,
      0.01264021409845218,
      0.01720085947532587,
      0.004440787052621401,
      0.015473455806011092,
      8.814408313890951e-09,
      0.011480819715292849,
      0.012257827436978964,
      0.0101511045202842,
      0.007764127491249276,
      0.018585179929839074,
      0.012890322934358836,
      0.017044333212487797
    ],
    [
      0.022320269919543213,
      0.0345185569685959,
      0.0028549182455229693,
      0.008564754736568907,
      0.03503763301323644,
      0.04048793148196211,
      0.0028549182455229693,
      0.013755515182974305,
      0.0002595380223202699,
      0.010381520892810797,
      0.0002595380223202699,
      0.003893070334804049,
      0.04360238774980535,
      0.05112899039709318,
      0.010641058915131067,
      0.03244225279003374,
      0.021541655852582404,
      0.020763041785621595,
      0.0023358422008824295,
      0.004931222424085129,
      0.013755515182974305,
      0.03114456267843239,
      0.002076304178562159,
      0.010900596937451337,
      0.007526602647287828,
      0.007007526602647288,
      0.0007786140669608098,
      0.002076304178562159,
      0.07189203218271477,
      0.04360238774980535,
      0.011938749026732417,
      0.017129509473137815,
      0.016869971450817544,
      0.013495977160654036,
      0.006488450558006748,
      0.004152608357124318,
      0.021022579807941862,
      0.03244225279003374,
      0.0023358422008824295,
      0.011419672982091877,
      0.017648585517778353,
      0.022839345964183754,
      0.009083830781209447,
      0.006488450558006748,
      0.018427199584739165,
      0.012717363093693226,
      0.004931222424085129,
      0.008305216714248637,
      0.0002595380223202699,
      0.023358422008824292,
      0.0002595380223202699,
      0.012198287049052686,
      0.021801193874902675,
      0.025953802232026993,
      0.002076304178562159,
      0.008564754736568907,
      0.024396574098105372,
      0.004671684401764859,
      0.003114456267843239,
      0.0015572281339216196,
      0.019205813651699974,
      0.03633532312483779,
      0.004931222424085129,
      0.020243965740981053
    ]
  ],
  "codon_order": [
    "AAA",
    "AAC",
    "AAG",
    "AAT",
    "ACA",
    "ACC",
    "ACG",
    "ACT",
    "AGA",
    "AGC",
    "AGG",
    "AGT",
    "ATA",
    "ATC",
    "ATG",
    "ATT",
    "CAA",
    "CAC",
    "CAG",
    "CAT",
    "CCA",
    "CCC",
    "CCG",
    "CCT",
    "CGA",
    "CGC",
    "CGG",
    "CGT",
    "CTA",
    "CTC",
    "CTG",
    "CTT",
    "GAA",
    "GAC",
    "GAG",
    "GAT",
    "GCA",
    "GCC",
    "GCG",
    "GCT",
    "GGA",
    "GGC",
    "GGG",
    "GGT",
    "GTA",
    "GTC",
    "GTG",
    "GTT",
    "TAA",
    "TAC",
    "TAG",
    "TAT",
    "TCA",
    "TCC",
    "TCG",
    "TCT",
    "TGA",
    "TGC",
    "TGG",
    "TGT",
    "TTA",
    "TTC",
    "TTG",
    "TTT"
  ]
}