{
  "n_states": 2,
  "n_observations": 16,
  "startprob": [
    0.9999581441350343,
    4.185586496574388e-05
  ],
  "transmat": [
    [
      0.9857996339615492,
      0.014200366038450781
    ],
    [
      0.08431866485730292,
      0.9156813351426971
    ]
  ],
  "emissionprob": [
    [
      0.06926633491195396,
      0.05715979128116028,
      0.08253662271150679,
      0.05163553132217976,
      0.08162715125706624,
      0.0742875477003362,
      0.028678268537231145,
      0.07309481045984141,
      0.07739876741962642,
      0.06599798664464435,
      0.06870599663727531,
      0.04713024875596327,
      0.032125986613069694,
      0.06025693645278431,
      0.07946436243236134,
      0.05063365686299953
    ],
    [
      0.0969665088549886,
      0.07934420480448887,
      0.044450289321409785,
      0.10503243906715763,
      0.0876731544800982,
      0.0685604068034368,
      0.01709626512361915,
      0.0779414343328073,
      0.03848851481676311,
      0.03287743293003682,
      0.026301946344029457,
      0.02463615640890759,
      0.10231457127827459,
      0.07048921620199895,
      0.034543222865158686,
      0.09328423636682448
    ]
  ],
  "dinuc_order": [
    "AA",
    "AC",
    "AG",
    "AT",
    "CA",
    "CC",
    "CG",
    "CT",
    "GA",
    "GC",
    "GG",
    "GT",
    "TA",
    "TC",
    "TG",
    "TT"
  ]
}