{
  "n_states": 2,
  "n_observations": 64,
  "startprob": [
    0.9959847810976986,
    0.004015218902301444
  ],
  "transmat": [
    [
      0.9990397567004444,
      0.0009602432995555913
    ],
    [
      0.08939367523966983,
      0.9106063247603302
    ]
  ],
  "emissionprob": [
    [
      0.022992834205718255,
      0.01947999934108939,
      0.033012729488420246,
      0.015664327180508066,
      0.016474320620388377,
      0.01829251092239779,
      0.005646658902550444,
      0.013992376856712181,
      0.013114830939586028,
      0.02014753517589343,
      0.013035577850111835,
      0.013395857728756337,
      0.007489911845254419,
      0.02087300848333271,
      0.02159957761850334,
      0.015146884395618131,
      0.01267427284229929,
      0.015122528740556704,
      0.0347214784144207,
      0.011149552276603322,
      0.018374273810869608,
      0.018564170151929092,
      0.006833793828425474,
      0.019438923475804372,
      0.006847367952581626,
      0.009446848077766157,
      0.01091204045315234,
      0.004749989024048045,
      0.008134187852728389,
      0.019577952200559946,
      0.03755373355931422,
      0.013769358238740424,
      0.02865462260081774,
      0.025549082159436715,
      0.03973969778767935,
      0.0213782557660511,
      0.01657630329796779,
      0.025839688603935974,
      0.007005096447333565,
      0.02036001970793151,
      0.017218847190640586,
      0.02058491183783107,
      0.01549899859019995,
      0.011274158494442988,
      0.007550394466168934,
      0.014893712840393257,
      0.0269099941539358,
      0.010913984663643454,
      3.534928165664267e-08,
      0.014659347103009715,
      3.534928165664267e-08,
      0.011540126489627567,
      0.012870920896155193,
      0.018336308682370375,
      0.004452489469625741,
      0.017265897084525576,
      3.534928165664267e-08,
      0.01173719873486335,
      0.012101755876588306,
      0.011239869691236044,
      0.007167915238644061,
      0.020049794412112812,
      0.013547152654246768,
      0.016853936556099063
    ],
    [
      0.026466009340944473,
      0.02828230409963674,
      0.0007784120394395433,
      0.01582771146860405,
      0.04099636741048261,
      0.022573949143746757,
      0.0018162947586922678,
      0.015568240788790867,
      0.0002594706798131811,
      0.00934094447327452,
      0.0002594706798131811,
      0.0038920601971977166,
      0.05656460819927348,
      0.03632589517384536,
      0.008043591074208614,
      0.06097560975609756,
      0.020498183705241306,
      0.01660612350804359,
      0.0010378827192527244,
      0.00908147379346134,
      0.03399065905552673,
      0.00908147379346134,
      0.0007784120394395433,
      0.008043591074208614,
      0.00934094447327452,
      0.004929942916450441,
      0.0010378827192527244,
      0.00233523611831863,
      0.06927867151011936,
      0.016865594187856773,
      0.007265179034769071,
      0.022833419823559936,
      0.02101712506486767,
      0.011416709911779968,
      0.0031136481577581734,
      0.008303061754021795,
      0.025168655941878566,
      0.021795537104307212,
      0.0020757654385054488,
      0.012454592631032694,
      0.028541774779449924,
      0.010378827192527244,
      0.007784120394395433,
      0.00934094447327452,
      0.019460300985988582,
      0.008822003113648157,
      0.0031136481577581734,
      0.013233004670472236,
      0.0002594706798131811,
      0.01582771146860405,
      0.0002594706798131811,
      0.017125064867669952,
      0.038401660612350806,
      0.012454592631032694,
      0.0012973533990659055,
      0.011157239231966787,
      0.025168655941878566,
      0.004929942916450441,
      0.0020757654385054488,
      0.002854177477944992,
      0.033731188375713546,
      0.03476907109496627,
      0.0041515308770108976,
      0.028541774779449924
    ]
  ],
  "codon_order": [
    "AAA",
    "AAC",
    "AAG",
    "AAT",
    "ACA",
    "ACC",
    "ACG",
    "ACT",
    "AGA",
    "AGC",
    "AGG",
    "AGT",
    "ATA",
    "ATC",
    "ATG",
    "ATT",
    "CAA",
    "CAC",
    "CAG",
    "CAT",
    "CCA",
    "CCC",
    "CCG",
    "CCT",
    "CGA",
    "CGC",
    "CGG",
    "CGT",
    "CTA",
    "CTC",
    "CTG",
    "CTT",
    "GAA",
    "GAC",
    "GAG",
    "GAT",
    "GCA",
    "GCC",
    "GCG",
    "GCT",
    "GGA",
    "GGC",
    "GGG",
    "GGT",
    "GTA",
    "GTC",
    "GTG",
    "GTT",
    "TAA",
    "TAC",
    "TAG",
    "TAT",
    "TCA",
    "TCC",
    "TCG",
    "TCT",
    "TGA",
    "TGC",
    "TGG",
    "TGT",
    "TTA",
    "TTC",
    "TTG",
    "TTT"
  ]
}