{
  "n_states": 2,
  "n_observations": 20,
  "startprob": [
    0.7441974335682545,
    0.2558025664317455
  ],
  "transmat": [
    [
      0.9991151079771714,
      0.0008848920228285928
    ],
    [
      0.020170606577939357,
      0.9798293934220607
    ]
  ],
  "emissionprob": [
    [
      0.06802034576239198,
      0.023184922138958352,
      0.047295177650270644,
      0.06862861182001864,
      0.037140214079789576,
      0.06321913136546044,
      0.02657471291484529,
      0.04422939726899552,
      0.05672608250827645,
      0.09998699479015176,
      0.022601703428657093,
      0.035686833352345924,
      0.061895877393272174,
      0.04789052808617661,
      0.05651151894281232,
      0.08615358003116472,
      0.054808411309844124,
      0.060433761823393134,
      0.012237626237137384,
      0.026774569096037877
    ],
    [
      0.06141732283464567,
      0.007611548556430446,
      0.01968503937007874,
      0.024146981627296588,
      0.06377952755905512,
      0.05590551181102362,
      0.025721784776902887,
      0.09816272965879265,
      0.027296587926509186,
      0.15459317585301838,
      0.06509186351706037,
      0.04435695538057743,
      0.05170603674540682,
      0.02152230971128609,
      0.01706036745406824,
      0.07611548556430446,
      0.08110236220472442,
      0.04435695538057743,
      0.027296587926509186,
      0.03307086614173228
    ]
  ],
  "aa_order": [
    "A",
    "C",
    "D",
    "E",
    "F",
    "G",
    "H",
    "I",
    "K",
    "L",
    "M",
    "N",
    "P",
    "Q",
    "R",
    "S",
    "T",
    "V",
    "W",
    "Y"
  ]
}