{
  "n_states": 2,
  "n_observations": 4,
  "startprob": [
    0.980686404577402,
    0.019313595422598064
  ],
  "transmat": [
    [
      0.9995390161033304,
      0.00046098389666953803
    ],
    [
      0.005670715880957564,
      0.9943292841190424
    ]
  ],
  "emissionprob": [
    [
      0.2608969108996978,
      0.25753488784322437,
      0.2592222433260172,
      0.22234595793106068
    ],
    [
      0.32620320855614976,
      0.2509862365214342,
      0.12220566318926974,
      0.3006048917331463
    ]
  ],
  "base_order": [
    "A",
    "C",
    "G",
    "T"
  ]
}