{
  "n_states": 2,
  "n_observations": 64,
  "startprob": [
    0.999993678161931,
    6.3218380690821835e-06
  ],
  "transmat": [
    [
      0.9983620943585844,
      0.001637905641415646
    ],
    [
      0.10736167326246246,
      0.8926383267375375
    ]
  ],
  "emissionprob": [
    [
      0.023241604553114553,
      0.019694624416984795,
      0.03330953546524274,
      0.0158821650143057,
      0.016679123799338013,
      0.018288782570657247,
      0.005632707908986086,
      0.014038844298121978,
      0.013291751257016789,
      0.019979528995720662,
      0.012812556343173817,
      0.01340941952738811,
      0.007596041329770538,
      0.02116588714228539,
      0.02253198524643818,
      0.015331111330669238,
      0.012940383828539244,
      0.015162200426426537,
      0.03480245629723407,
      0.011330576204253064,
      0.018416610056022676,
      0.017985680716712152,
      0.006136835694792621,
      0.019165935891632062,
      0.006726851642527367,
      0.008733054717792451,
      0.01015847072927348,
      0.004614702468038012,
      0.00817184181916188,
      0.019354309321303036,
      0.03764558517915664,
      0.013711739903256736,
      0.028867316372654148,
      0.02555061177639084,
      0.03954963790585459,
      0.02159871435692448,
      0.01650392385724182,
      0.02516631062897635,
      0.0061176708752982405,
      0.020022733569376925,
      0.01708441321509198,
      0.01998392015824559,
      0.01485775889577892,
      0.011098142296365885,
      0.007572820266926862,
      0.014814144976463555,
      0.026987228973634605,
      0.010873262676551247,
      0.0007661462208743586,
      0.014948931338033739,
      0.0006267826305705665,
      0.011743084988903942,
      0.012994380242299139,
      0.018113768694769734,
      0.00428469544031731,
      0.01710622017474966,
      0.001690188226437366,
      0.011792615813655436,
      0.012199877531221445,
      0.01132082633491806,
      0.007204409173733927,
      0.020187885936204224,
      0.013590871294096063,
      0.01683780106210313
    ],
    [
      0.026397515527950312,
      0.02820910973084886,
      0.0007763975155279503,
      0.015786749482401656,
      0.04089026915113872,
      0.02251552795031056,
      0.0018115942028985507,
      0.015527950310559006,
      0.0002587991718426501,
      0.009316770186335404,
      0.0002587991718426501,
      0.0038819875776397515,
      0.05641821946169772,
      0.036231884057971016,
      0.008022774327122154,
      0.060817805383022776,
      0.02044513457556936,
      0.016563146997929608,
      0.0010351966873706005,
      0.009057971014492754,
      0.03390269151138716,
      0.009057971014492754,
      0.0007763975155279503,
      0.008022774327122154,
      0.009316770186335404,
      0.004917184265010352,
      0.0010351966873706005,
      0.002329192546583851,
      0.06909937888198758,
      0.016821946169772256,
      0.007246376811594203,
      0.022774327122153208,
      0.02096273291925466,
      0.011387163561076604,
      0.003105590062111801,
      0.008281573498964804,
      0.02510351966873706,
      0.021739130434782608,
      0.002070393374741201,
      0.012422360248447204,
      0.028467908902691512,
      0.010351966873706004,
      0.007763975155279503,
      0.009316770186335404,
      0.019409937888198756,
      0.008799171842650104,
      0.003105590062111801,
      0.013198757763975156,
      0.002329192546583851,
      0.015786749482401656,
      0.0007763975155279503,
      0.017080745341614908,
      0.038302277432712216,
      0.012422360248447204,
      0.0012939958592132505,
      0.011128364389233954,
      0.02510351966873706,
      0.004917184265010352,
      0.002070393374741201,
      0.002846790890269151,
      0.03364389233954451,
      0.03467908902691511,
      0.004140786749482402,
      0.028467908902691512
    ]
  ],
  "triplet_order": [
    "AAA",
    "AAC",
    "AAG",
    "AAT",
    "ACA",
    "ACC",
    "ACG",
    "ACT",
    "AGA",
    "AGC",
    "AGG",
    "AGT",
    "ATA",
    "ATC",
    "ATG",
    "ATT",
    "CAA",
    "CAC",
    "CAG",
    "CAT",
    "CCA",
    "CCC",
    "CCG",
    "CCT",
    "CGA",
    "CGC",
    "CGG",
    "CGT",
    "CTA",
    "CTC",
    "CTG",
    "CTT",
    "GAA",
    "GAC",
    "GAG",
    "GAT",
    "GCA",
    "GCC",
    "GCG",
    "GCT",
    "GGA",
    "GGC",
    "GGG",
    "GGT",
    "GTA",
    "GTC",
    "GTG",
    "GTT",
    "TAA",
    "TAC",
    "TAG",
    "TAT",
    "TCA",
    "TCC",
    "TCG",
    "TCT",
    "TGA",
    "TGC",
    "TGG",
    "TGT",
    "TTA",
    "TTC",
    "TTG",
    "TTT"
  ]
}