{
  "n_states": 2,
  "n_observations": 20,
  "startprob": [
    0.7472702738461101,
    0.25272972615388983
  ],
  "transmat": [
    [
      0.9991686731316386,
      0.0008313268683613773
    ],
    [
      0.02396828471832303,
      0.9760317152816769
    ]
  ],
  "emissionprob": [
    [
      0.0681105324026021,
      0.02215045106858524,
      0.04876987856489431,
      0.07112791865371941,
      0.03623290696038959,
      0.06364053399816325,
      0.026150915046013863,
      0.043595354962533694,
      0.058284992770153476,
      0.09917306754103587,
      0.02166673671465401,
      0.035976742109413595,
      0.06193434387242563,
      0.04810323037897324,
      0.05659991285093562,
      0.08563187606692772,
      0.054217844812069343,
      0.06060018520773018,
      0.011679565077369386,
      0.02635301094141046
    ],
    [
      0.06112277019937041,
      0.007869884575026232,
      0.01888772298006296,
      0.024921301154249738,
      0.06217208814270724,
      0.05508919202518363,
      0.025970619097586568,
      0.09653725078698845,
      0.026757607555089193,
      0.15634837355718784,
      0.05902413431269675,
      0.04512067156348373,
      0.052728226652675764,
      0.023084994753410283,
      0.017313746065057714,
      0.07817418677859392,
      0.0847324239244491,
      0.041710388247639035,
      0.027806925498426022,
      0.03462749213011543
    ]
  ],
  "aa_order": [
    "A",
    "C",
    "D",
    "E",
    "F",
    "G",
    "H",
    "I",
    "K",
    "L",
    "M",
    "N",
    "P",
    "Q",
    "R",
    "S",
    "T",
    "V",
    "W",
    "Y"
  ]
}