{
  "n_states": 2,
  "n_observations": 64,
  "startprob": [
    0.9989133618856499,
    0.001086638114350018
  ],
  "transmat": [
    [
      0.9995073890733137,
      0.000492610926686383
    ],
    [
      0.0863225056688883,
      0.9136774943311117
    ]
  ],
  "emissionprob": [
    [
      0.023657678781498888,
      0.019763458778944885,
      0.0337369583263656,
      0.015578766594870265,
      0.016344534398793874,
      0.018193109011407683,
      0.005844113489386462,
      0.013706934414059744,
      0.013295782669901406,
      0.02007752873245233,
      0.013179247407979591,
      0.013571842581768212,
      0.007458906242959135,
      0.020497061860894318,
      0.020967130715976504,
      0.01488592611249964,
      0.012666312875343363,
      0.015238222600968696,
      0.035073495307244386,
      0.010846067960160652,
      0.018318458644255114,
      0.018457230863003306,
      0.006952652075656003,
      0.019547460299841394,
      0.006909167845756303,
      0.009275316133598771,
      0.010854851403468984,
      0.00484437826071802,
      0.008071798834653567,
      0.019317729958664313,
      0.03713726428091233,
      0.013676687204357107,
      0.029756202850654154,
      0.02636106180819366,
      0.04050320965265781,
      0.021611260201126626,
      0.016620254106870565,
      0.025646386428021337,
      0.007149073373019446,
      0.02007542565447709,
      0.01730118745658729,
      0.020535504889176916,
      0.01555297296205636,
      0.011503960235001644,
      0.007569936389004601,
      0.014839503758958069,
      0.026738842653303792,
      0.011057891210930959,
      3.092761728285975e-08,
      0.014678092524358824,
      3.092761728285975e-08,
      0.011130663894397527,
      0.012953506729431997,
      0.018099058127250506,
      0.004491958061779833,
      0.016877138896022,
      3.092761728285975e-08,
      0.011530372420161207,
      0.011923771711999183,
      0.010891995471825698,
      0.007312587685593925,
      0.019649150305467437,
      0.013423977643538861,
      0.016268885446919998
    ],
    [
      0.025155601659751038,
      0.029564315352697094,
      0.0015560165975103733,
      0.015300829875518672,
      0.04279045643153527,
      0.024896265560165973,
      0.002074688796680498,
      0.014782157676348547,
      0.00025933609958506224,
      0.011151452282157677,
      0.00025933609958506224,
      0.0033713692946058093,
      0.050051867219917015,
      0.04590248962655602,
      0.008558091286307055,
      0.04979253112033195,
      0.021524896265560166,
      0.016078838174273857,
      0.0015560165975103733,
      0.009854771784232365,
      0.026452282157676348,
      0.01504149377593361,
      0.0015560165975103733,
      0.009854771784232365,
      0.01037344398340249,
      0.0038900414937759337,
      0.0012966804979253112,
      0.00233402489626556,
      0.07053941908713693,
      0.025933609958506226,
      0.0038900414937759337,
      0.01945020746887967,
      0.021524896265560166,
      0.012188796680497925,
      0.0033713692946058093,
      0.006742738589211619,
      0.021006224066390043,
      0.025933609958506226,
      0.0015560165975103733,
      0.01270746887966805,
      0.025155601659751038,
      0.01504149377593361,
      0.008817427385892116,
      0.006224066390041493,
      0.021006224066390043,
      0.010632780082987552,
      0.0036307053941908715,
      0.006742738589211619,
      0.00025933609958506224,
      0.020228215767634856,
      0.00025933609958506224,
      0.014263485477178423,
      0.032157676348547715,
      0.01970954356846473,
      0.0012966804979253112,
      0.010892116182572614,
      0.02671161825726141,
      0.004927385892116182,
      0.001037344398340249,
      0.0031120331950207467,
      0.03137966804979253,
      0.03682572614107884,
      0.00466804979253112,
      0.024896265560165973
    ]
  ],
  "codon_order": [
    "AAA",
    "AAC",
    "AAG",
    "AAT",
    "ACA",
    "ACC",
    "ACG",
    "ACT",
    "AGA",
    "AGC",
    "AGG",
    "AGT",
    "ATA",
    "ATC",
    "ATG",
    "ATT",
    "CAA",
    "CAC",
    "CAG",
    "CAT",
    "CCA",
    "CCC",
    "CCG",
    "CCT",
    "CGA",
    "CGC",
    "CGG",
    "CGT",
    "CTA",
    "CTC",
    "CTG",
    "CTT",
    "GAA",
    "GAC",
    "GAG",
    "GAT",
    "GCA",
    "GCC",
    "GCG",
    "GCT",
    "GGA",
    "GGC",
    "GGG",
    "GGT",
    "GTA",
    "GTC",
    "GTG",
    "GTT",
    "TAA",
    "TAC",
    "TAG",
    "TAT",
    "TCA",
    "TCC",
    "TCG",
    "TCT",
    "TGA",
    "TGC",
    "TGG",
    "TGT",
    "TTA",
    "TTC",
    "TTG",
    "TTT"
  ]
}