{
  "n_states": 2,
  "n_observations": 4,
  "startprob": [
    0.99376354203517,
    0.0062364579648299945
  ],
  "transmat": [
    [
      0.9994605351966445,
      0.0005394648033554929
    ],
    [
      0.008967495609169304,
      0.9910325043908308
    ]
  ],
  "emissionprob": [
    [
      0.2624761837063183,
      0.25718988933173637,
      0.2609615639884237,
      0.21937236297352167
    ],
    [
      0.31896627244853265,
      0.27297415681121334,
      0.12159439334209374,
      0.2864651773981603
    ]
  ],
  "base_order": [
    "A",
    "C",
    "G",
    "T"
  ]
}