{
  "n_states": 2,
  "n_observations": 16,
  "startprob": [
    0.999962417432789,
    3.758256721088867e-05
  ],
  "transmat": [
    [
      0.9833434517170442,
      0.016656548282955937
    ],
    [
      0.09206641970254625,
      0.9079335802974536
    ]
  ],
  "emissionprob": [
    [
      0.070498634838103,
      0.05749631412615213,
      0.08379545113063684,
      0.050415297469940216,
      0.08142527906548182,
      0.07417460283852563,
      0.029749700450469874,
      0.07197816327977961,
      0.07849629597340754,
      0.06592977937758247,
      0.06926814035829731,
      0.047282380468616665,
      0.03167725181526648,
      0.0597218278522803,
      0.0782804729203641,
      0.04981040803509599
    ],
    [
      0.09497108813737515,
      0.08069038023479937,
      0.04328018223234624,
      0.0995268967934116,
      0.08936393902225337,
      0.08226739092342737,
      0.01927457508323112,
      0.08235500262835115,
      0.03933765551077624,
      0.03408095321534957,
      0.025582617837743123,
      0.022691431575258453,
      0.09453302961275627,
      0.0762221832836867,
      0.03364289469073068,
      0.0821797792185036
    ]
  ],
  "dinuc_order": [
    "AA",
    "AC",
    "AG",
    "AT",
    "CA",
    "CC",
    "CG",
    "CT",
    "GA",
    "GC",
    "GG",
    "GT",
    "TA",
    "TC",
    "TG",
    "TT"
  ]
}