{
  "n_states": 2,
  "n_observations": 64,
  "startprob": [
    0.9999999566146813,
    4.338531865240924e-08
  ],
  "transmat": [
    [
      0.9990572179839053,
      0.0009427820160947084
    ],
    [
      0.10416978819122309,
      0.8958302118087769
    ]
  ],
  "emissionprob": [
    [
      0.023963458138480734,
      0.020059678272241893,
      0.03422808652769158,
      0.015859394669399132,
      0.016431644649056148,
      0.018169694135941113,
      0.005794593026859623,
      0.013735051734943835,
      0.013065678367643462,
      0.019895021288069116,
      0.01281139110025812,
      0.013596923529011132,
      0.0075464808427784715,
      0.020851428383394925,
      0.021631986666227922,
      0.015127589393692426,
      0.012702980227642425,
      0.015211001994504971,
      0.0353231319977624,
      0.010898002969692656,
      0.018202376825479667,
      0.017956985626758966,
      0.006323956940731903,
      0.01935178715961218,
      0.00681920331528101,
      0.008738298959434182,
      0.010334553402047971,
      0.0047401697484689195,
      0.008064397843924565,
      0.019120648802085367,
      0.03742547390218686,
      0.013596062619140361,
      0.030142367708762993,
      0.026687855252863896,
      0.04087150480158132,
      0.022003835959299754,
      0.016483649982360914,
      0.02521611388600431,
      0.006416839550122938,
      0.019884786026272163,
      0.017018593867617827,
      0.020073644143478855,
      0.015054954109039911,
      0.011391368096746374,
      0.007605405340600178,
      0.014815079110602303,
      0.027003394663277103,
      0.011079208554714712,
      0.00044384686670895967,
      0.014970776255008901,
      0.00037178552197029237,
      0.011340000474456996,
      0.012954907964270837,
      0.017910783463694218,
      0.004324190853132347,
      0.01681286829405416,
      0.0007869035074360931,
      0.011305149567466127,
      0.011660832886297911,
      0.010809807536264713,
      0.007350735446605605,
      0.01980822881887502,
      0.013456850304481502,
      0.01636659812548673
    ],
    [
      0.02508404447892423,
      0.02948021722265322,
      0.0015515903801396431,
      0.015257305404706491,
      0.04266873545384019,
      0.02482544608223429,
      0.002068787173519524,
      0.01474010861132661,
      0.0002585983966899405,
      0.011119731057667443,
      0.0002585983966899405,
      0.0033617791569692267,
      0.04990949056115852,
      0.045771916214119475,
      0.008533747090768037,
      0.04965089216446858,
      0.021463666925265062,
      0.016033100594776313,
      0.0015515903801396431,
      0.00982673907421774,
      0.026377036462373934,
      0.014998707008016551,
      0.0015515903801396431,
      0.00982673907421774,
      0.01034393586759762,
      0.003878975950349108,
      0.0012929919834497026,
      0.0023273855702094647,
      0.07033876389966383,
      0.025859839668994054,
      0.003878975950349108,
      0.019394879751745538,
      0.021463666925265062,
      0.012154124644427205,
      0.0033617791569692267,
      0.0067235583139384535,
      0.02094647013188518,
      0.025859839668994054,
      0.0015515903801396431,
      0.012671321437807085,
      0.02508404447892423,
      0.014998707008016551,
      0.008792345487457979,
      0.0062063615205585725,
      0.02094647013188518,
      0.01060253426428756,
      0.0036203775536591673,
      0.0067235583139384535,
      0.002585983966899405,
      0.02017067494181536,
      0.0007757951900698216,
      0.014222911817946729,
      0.032066201189552626,
      0.01965347814843548,
      0.0012929919834497026,
      0.010861132660977503,
      0.026635634859063874,
      0.00491336953710887,
      0.001034393586759762,
      0.0031031807602792862,
      0.0312904059994828,
      0.036720972329971555,
      0.004654771140418929,
      0.02482544608223429
    ]
  ],
  "triplet_order": [
    "AAA",
    "AAC",
    "AAG",
    "AAT",
    "ACA",
    "ACC",
    "ACG",
    "ACT",
    "AGA",
    "AGC",
    "AGG",
    "AGT",
    "ATA",
    "ATC",
    "ATG",
    "ATT",
    "CAA",
    "CAC",
    "CAG",
    "CAT",
    "CCA",
    "CCC",
    "CCG",
    "CCT",
    "CGA",
    "CGC",
    "CGG",
    "CGT",
    "CTA",
    "CTC",
    "CTG",
    "CTT",
    "GAA",
    "GAC",
    "GAG",
    "GAT",
    "GCA",
    "GCC",
    "GCG",
    "GCT",
    "GGA",
    "GGC",
    "GGG",
    "GGT",
    "GTA",
    "GTC",
    "GTG",
    "GTT",
    "TAA",
    "TAC",
    "TAG",
    "TAT",
    "TCA",
    "TCC",
    "TCG",
    "TCT",
    "TGA",
    "TGC",
    "TGG",
    "TGT",
    "TTA",
    "TTC",
    "TTG",
    "TTT"
  ]
}