{
  "n_states": 2,
  "n_observations": 4,
  "startprob": [
    0.5752371429343567,
    0.4247628570656433
  ],
  "transmat": [
    [
      0.9997714406827537,
      0.00022855931724625905
    ],
    [
      0.00012246799427273263,
      0.9998775320057273
    ]
  ],
  "emissionprob": [
    [
      0.21403928461854968,
      0.3049586395002033,
      0.29518653326491434,
      0.1858155426163327
    ],
    [
      0.31094284401142663,
      0.207194356704553,
      0.23228322428740583,
      0.24957957499661457
    ]
  ],
  "base_order": [
    "A",
    "C",
    "G",
    "T"
  ],
  "ngram": 1,
  "training": {
    "train_method": "viterbi",
    "learn": "t",
    "n_em_iter": 0,
    "n_viterbi_iter": 20,
    "self_loop": 0.995,
    "emis_smooth": 1.0,
    "trans_smooth": 1.0,
    "n_workers": 8
  }
}