{
  "n_states": 2,
  "n_observations": 16,
  "startprob": [
    0.9992066048983238,
    0.0007933951016761944
  ],
  "transmat": [
    [
      0.9891931516933957,
      0.010806848306604193
    ],
    [
      0.06213672758495941,
      0.9378632724150405
    ]
  ],
  "emissionprob": [
    [
      0.07313373475300332,
      0.055030020856625235,
      0.08198342048081846,
      0.05270334816364675,
      0.07970652366723976,
      0.07547893431517935,
      0.031037600124634978,
      0.06933214720855045,
      0.07785556163207472,
      0.06831157857648296,
      0.07166808780474063,
      0.0454905376942515,
      0.0319983653098933,
      0.05674035564296083,
      0.07877916136361475,
      0.050750622406282996
    ],
    [
      0.07928505957836847,
      0.08860372746715552,
      0.04078826764436297,
      0.08081271005194011,
      0.08783990223036969,
      0.11014359914451574,
      0.029941949282004277,
      0.09532538955087076,
      0.03528872593950504,
      0.04506568897036358,
      0.025206232813932174,
      0.022456461961503207,
      0.08631225175679805,
      0.07943782462572563,
      0.03238619003971891,
      0.061106018942865874
    ]
  ],
  "dinuc_order": [
    "AA",
    "AC",
    "AG",
    "AT",
    "CA",
    "CC",
    "CG",
    "CT",
    "GA",
    "GC",
    "GG",
    "GT",
    "TA",
    "TC",
    "TG",
    "TT"
  ],
  "ngram": 2,
  "training": {
    "train_method": "em",
    "learn": "t",
    "n_em_iter": 20,
    "n_viterbi_iter": 0,
    "self_loop": 0.995,
    "emis_smooth": 1.0,
    "trans_smooth": 1.0,
    "n_workers": 8
  }
}