{
  "n_states": 2,
  "n_observations": 64,
  "startprob": [
    0.6088105383274127,
    0.3911894616725873
  ],
  "transmat": [
    [
      0.9998269159813287,
      0.000173084018671361
    ],
    [
      0.0005392656516390576,
      0.999460734348361
    ]
  ],
  "emissionprob": [
    [
      0.038179985534681354,
      0.018360299623171157,
      0.03589140268559438,
      0.02108306082035726,
      0.015523059719619356,
      0.01607954736189674,
      0.004131257053568155,
      0.014236279250030029,
      0.017250960641428666,
      0.020502776006453154,
      0.012819442863017215,
      0.014813651753216667,
      0.009542334887352451,
      0.01836258731194824,
      0.020221479200708575,
      0.01694378224827271,
      0.015807086891545207,
      0.011971082829341438,
      0.033185841278149324,
      0.011779100982177318,
      0.02162311827812448,
      0.014185073321506246,
      0.005551405266730489,
      0.02022650554471376,
      0.008542020137007084,
      0.00826396842840552,
      0.010967795455363756,
      0.004558039573361237,
      0.005838131792984059,
      0.012102195337426132,
      0.028780162616647738,
      0.013105073346281887,
      0.03731891073885968,
      0.024213534915972973,
      0.03672011061001141,
      0.030758692527342018,
      0.01526352382282402,
      0.02037468899467314,
      0.0065527704010412795,
      0.017805871724193244,
      0.014743193536434008,
      0.014802686700467499,
      0.01124075875000059,
      0.010710125963757092,
      0.010677573448066963,
      0.011129221336214069,
      0.022787475103788025,
      0.014955872470855515,
      0.0011386781941202864,
      0.013558614488266575,
      0.0005723133612334797,
      0.013530528774341383,
      0.016526363646291817,
      0.016131395003021437,
      0.004275021948651756,
      0.01981139839675731,
      0.0006956818059914114,
      0.006267469424399192,
      0.0132468116445039,
      0.009973175466399808,
      0.009258472443753636,
      0.015660195921419907,
      0.015511130446444473,
      0.023359229948820292
    ],
    [
      0.020244735543238402,
      0.03194711152631919,
      0.0030286140000002426,
      0.008616748024846278,
      0.03277435496017326,
      0.04273039986474222,
      0.0034475186388704913,
      0.011663823128624929,
      0.0008147713938232545,
      0.007355225769288589,
      0.00043167743356068523,
      0.0025871653470989917,
      0.04613387484075679,
      0.04789180426293777,
      0.010362252250522308,
      0.029767620676388502,
      0.02113656884487827,
      0.02067552939552841,
      0.0021639310684745975,
      0.007029484126750325,
      0.016898023134520525,
      0.041997543061256054,
      0.0047537704488388325,
      0.014227162016637266,
      0.007773553976543709,
      0.006890635475622914,
      0.00043144658915756463,
      0.0025868984393331807,
      0.0711413995426985,
      0.037092556910862454,
      0.013342998798916726,
      0.01638102455060399,
      0.018539707514533654,
      0.013368842777321368,
      0.006556106138899026,
      0.0039055732784494066,
      0.019763900682877842,
      0.0349037686290101,
      0.002585182696890159,
      0.012500087203638448,
      0.017027539388895976,
      0.025038841943667543,
      0.005641014030303883,
      0.005522584054777546,
      0.01855485436134513,
      0.01589447489181378,
      0.0038891127975040638,
      0.006899077716199273,
      0.0012959290898875951,
      0.027510907751112073,
      0.001285649494835908,
      0.009488674132961894,
      0.019390654749006406,
      0.023172857181891368,
      0.002581259865767422,
      0.009878946932645063,
      0.024624112504758985,
      0.003879829500050458,
      0.0030182810404966887,
      0.001286244429916605,
      0.018969932082611076,
      0.03494603275613273,
      0.002631726686892495,
      0.0211280696530909
    ]
  ],
  "trinuc_order": [
    "AAA",
    "AAC",
    "AAG",
    "AAT",
    "ACA",
    "ACC",
    "ACG",
    "ACT",
    "AGA",
    "AGC",
    "AGG",
    "AGT",
    "ATA",
    "ATC",
    "ATG",
    "ATT",
    "CAA",
    "CAC",
    "CAG",
    "CAT",
    "CCA",
    "CCC",
    "CCG",
    "CCT",
    "CGA",
    "CGC",
    "CGG",
    "CGT",
    "CTA",
    "CTC",
    "CTG",
    "CTT",
    "GAA",
    "GAC",
    "GAG",
    "GAT",
    "GCA",
    "GCC",
    "GCG",
    "GCT",
    "GGA",
    "GGC",
    "GGG",
    "GGT",
    "GTA",
    "GTC",
    "GTG",
    "GTT",
    "TAA",
    "TAC",
    "TAG",
    "TAT",
    "TCA",
    "TCC",
    "TCG",
    "TCT",
    "TGA",
    "TGC",
    "TGG",
    "TGT",
    "TTA",
    "TTC",
    "TTG",
    "TTT"
  ],
  "ngram": 3,
  "training": {
    "train_method": "em",
    "learn": "et",
    "n_em_iter": 20,
    "n_viterbi_iter": 20,
    "self_loop": 0.995,
    "emis_smooth": 1.0,
    "trans_smooth": 1.0,
    "n_workers": 2,
    "sample": 0.0001
  }
}