{
  "n_states": 2,
  "n_observations": 64,
  "startprob": [
    0.6086956521739036,
    0.3913043478260964
  ],
  "transmat": [
    [
      0.999712023038157,
      0.00028797696184305253
    ],
    [
      0.0008896797153024911,
      0.9991103202846975
    ]
  ],
  "emissionprob": [
    [
      0.038171200683663295,
      0.018373451075345392,
      0.03589232303090728,
      0.021079618287993162,
      0.01552485400940037,
      0.016094573422589374,
      0.004130465745620282,
      0.01424298532972511,
      0.017234012248967385,
      0.02050989887480416,
      0.012818686796752599,
      0.014812704742914115,
      0.009542800170915824,
      0.018373451075345392,
      0.020225039168209658,
      0.01694915254237288,
      0.015809713715994874,
      0.011964107676969093,
      0.033186155818259504,
      0.011821677823671842,
      0.02164933770118217,
      0.01410055547642786,
      0.005554764278592793,
      0.020367469021506907,
      0.008545791197835067,
      0.008260931491240565,
      0.010967098703888335,
      0.004557755305512035,
      0.005839623985187295,
      0.012106537530266344,
      0.028770830366044723,
      0.0131035465033471,
      0.03731662156387979,
      0.024213075060532687,
      0.036746902150690784,
      0.030764848312206237,
      0.015239994302805869,
      0.020367469021506907,
      0.00655177325167355,
      0.01780373166215639,
      0.014670274889616863,
      0.014812704742914115,
      0.011251958410482836,
      0.010682238997293833,
      0.010682238997293833,
      0.011109528557185586,
      0.022788776527560176,
      0.014955134596211365,
      0.0011394388263780088,
      0.013530836063238854,
      0.0005697194131890044,
      0.013530836063238854,
      0.01652186298248113,
      0.016094573422589374,
      0.004272895598917533,
      0.019797749608317903,
      0.0007121492664862555,
      0.0062669135450790486,
      0.013245976356644353,
      0.009970089730807577,
      0.009257940464321322,
      0.015667283862697622,
      0.01552485400940037,
      0.02335849594074918
    ],
    [
      0.02026735661923243,
      0.031910306166451054,
      0.00301854247520483,
      0.008624407072013798,
      0.032772746873652434,
      0.042690815006468305,
      0.0034497628288055198,
      0.01164294954721863,
      0.0008624407072013799,
      0.007330746011211729,
      0.00043122035360068997,
      0.00258732212160414,
      0.046140577835273824,
      0.047865459249676584,
      0.01034928848641656,
      0.029754204398447608,
      0.02112979732643381,
      0.02069857697283312,
      0.0021561017680034496,
      0.0068995256576110395,
      0.016817593790426907,
      0.04225959465286762,
      0.004743423889607589,
      0.013799051315222079,
      0.007761966364812419,
      0.0068995256576110395,
      0.00043122035360068997,
      0.00258732212160414,
      0.07115135834411385,
      0.03708495040965933,
      0.013367830961621389,
      0.016386373436826217,
      0.018542475204829666,
      0.013367830961621389,
      0.00646830530401035,
      0.0038809831824062097,
      0.019836136265631736,
      0.03492884864165589,
      0.00258732212160414,
      0.01250539025442001,
      0.017248814144027597,
      0.02501078050884002,
      0.00560586459680897,
      0.00560586459680897,
      0.018542475204829666,
      0.015955153083225527,
      0.0038809831824062097,
      0.0068995256576110395,
      0.00129366106080207,
      0.027598102630444158,
      0.00129366106080207,
      0.009486847779215178,
      0.019404915912031046,
      0.02328589909443726,
      0.00258732212160414,
      0.009918068132815868,
      0.02457956015523933,
      0.0038809831824062097,
      0.00301854247520483,
      0.00129366106080207,
      0.018973695558430356,
      0.03492884864165589,
      0.00258732212160414,
      0.02112979732643381
    ]
  ],
  "trinuc_order": [
    "AAA",
    "AAC",
    "AAG",
    "AAT",
    "ACA",
    "ACC",
    "ACG",
    "ACT",
    "AGA",
    "AGC",
    "AGG",
    "AGT",
    "ATA",
    "ATC",
    "ATG",
    "ATT",
    "CAA",
    "CAC",
    "CAG",
    "CAT",
    "CCA",
    "CCC",
    "CCG",
    "CCT",
    "CGA",
    "CGC",
    "CGG",
    "CGT",
    "CTA",
    "CTC",
    "CTG",
    "CTT",
    "GAA",
    "GAC",
    "GAG",
    "GAT",
    "GCA",
    "GCC",
    "GCG",
    "GCT",
    "GGA",
    "GGC",
    "GGG",
    "GGT",
    "GTA",
    "GTC",
    "GTG",
    "GTT",
    "TAA",
    "TAC",
    "TAG",
    "TAT",
    "TCA",
    "TCC",
    "TCG",
    "TCT",
    "TGA",
    "TGC",
    "TGG",
    "TGT",
    "TTA",
    "TTC",
    "TTG",
    "TTT"
  ],
  "ngram": 3,
  "training": {
    "train_method": "hybrid",
    "learn": "et",
    "n_em_iter": 10,
    "n_viterbi_iter": 10,
    "self_loop": 0.995,
    "emis_smooth": 1.0,
    "trans_smooth": 1.0,
    "n_workers": 2,
    "sample": 0.0001
  }
}