{
  "n_states": 2,
  "n_observations": 16,
  "startprob": [
    1.0,
    6.756208956030592e-18
  ],
  "transmat": [
    [
      0.9987218340042595,
      0.0012781659957404564
    ],
    [
      0.010022285868156662,
      0.9899777141318433
    ]
  ],
  "emissionprob": [
    [
      0.06555044619871123,
      0.05448128581437463,
      0.0852551206781245,
      0.046795566912356194,
      0.07979875294799234,
      0.08003116468485048,
      0.034082813266214415,
      0.06945639318896175,
      0.08012964779073138,
      0.07378058738365818,
      0.07796087624355529,
      0.04669231277385134,
      0.026488068714020513,
      0.055260512844241806,
      0.0814058815321825,
      0.04283056902617344
    ],
    [
      0.13739053561600964,
      0.05968889304861979,
      0.05425007311630121,
      0.1027692420748766,
      0.0789272957068741,
      0.03691635592503222,
      0.005234445636627836,
      0.06828658271319407,
      0.05857486688049772,
      0.021964860743765812,
      0.018334846456614085,
      0.03530121482062452,
      0.07870353379158385,
      0.06928572241932263,
      0.0565094504274441,
      0.11786208062261182
    ]
  ],
  "dinuc_order": [
    "AA",
    "AC",
    "AG",
    "AT",
    "CA",
    "CC",
    "CG",
    "CT",
    "GA",
    "GC",
    "GG",
    "GT",
    "TA",
    "TC",
    "TG",
    "TT"
  ],
  "ngram": 2,
  "training": {
    "train_method": "hybrid",
    "learn": "t",
    "n_em_iter": 15,
    "n_viterbi_iter": 5,
    "self_loop": 0.995,
    "emis_smooth": 1.0,
    "trans_smooth": 1.0,
    "n_workers": 8
  }
}