{
  "n_states": 2,
  "n_observations": 16,
  "startprob": [
    1.0,
    6.756208956030592e-18
  ],
  "transmat": [
    [
      0.9982854658651372,
      0.0017145341348627642
    ],
    [
      0.0012116757826189785,
      0.9987883242173811
    ]
  ],
  "emissionprob": [
    [
      0.03941408340317657,
      0.055813782976731154,
      0.07962714567090834,
      0.03413542259021089,
      0.08242051810250862,
      0.1036245085126028,
      0.04660961697652692,
      0.07675970248813446,
      0.06978110907862448,
      0.09174919820794838,
      0.09077123822525164,
      0.044033910148307,
      0.01688011769126201,
      0.058229285761415187,
      0.07996927476746331,
      0.03018108539892823
    ],
    [
      0.11111771501277604,
      0.05414923806748135,
      0.08463509062871577,
      0.07362098940775982,
      0.07664984277582948,
      0.0437764279592815,
      0.01349638908158979,
      0.06096697311811037,
      0.0869484041248787,
      0.04190875905029091,
      0.050146399472995346,
      0.047129927232795306,
      0.049031736888091024,
      0.055064557842272904,
      0.07743566906588789,
      0.07392188027124381
    ]
  ],
  "dinuc_order": [
    "AA",
    "AC",
    "AG",
    "AT",
    "CA",
    "CC",
    "CG",
    "CT",
    "GA",
    "GC",
    "GG",
    "GT",
    "TA",
    "TC",
    "TG",
    "TT"
  ],
  "ngram": 2,
  "training": {
    "train_method": "hybrid",
    "learn": "t",
    "n_em_iter": 10,
    "n_viterbi_iter": 10,
    "self_loop": 0.995,
    "emis_smooth": 1.0,
    "trans_smooth": 1.0,
    "n_workers": 8
  }
}