{
  "n_states": 2,
  "n_observations": 16,
  "startprob": [
    0.636725400643191,
    0.3632745993568089
  ],
  "transmat": [
    [
      0.9986455790020387,
      0.0013544209979613451
    ],
    [
      0.0010272106430852864,
      0.9989727893569147
    ]
  ],
  "emissionprob": [
    [
      0.037122279277525067,
      0.05572077753849275,
      0.07926786631775345,
      0.032317055358117214,
      0.0821739238091542,
      0.10639523181699288,
      0.04868050131410454,
      0.07703765354751611,
      0.0689120285352268,
      0.0943725437456305,
      0.09251008943709571,
      0.04366087861697845,
      0.015986534862738374,
      0.057804889926860316,
      0.07943499650994736,
      0.028602749385866273
    ],
    [
      0.10688851952195928,
      0.0543844599326235,
      0.08452644273702055,
      0.07181352222486055,
      0.0773942288225099,
      0.04650228127118263,
      0.014500406324687694,
      0.06211105674865125,
      0.08623614628374383,
      0.04388266805343313,
      0.052129726483531806,
      0.04720421752499289,
      0.04700973156132433,
      0.0557438273062985,
      0.07816180170841021,
      0.07151096349476993
    ]
  ],
  "dinuc_order": [
    "AA",
    "AC",
    "AG",
    "AT",
    "CA",
    "CC",
    "CG",
    "CT",
    "GA",
    "GC",
    "GG",
    "GT",
    "TA",
    "TC",
    "TG",
    "TT"
  ],
  "ngram": 2,
  "training": {
    "train_method": "viterbi",
    "learn": "t",
    "n_em_iter": 0,
    "n_viterbi_iter": 20,
    "self_loop": 0.995,
    "emis_smooth": 1.0,
    "trans_smooth": 1.0,
    "n_workers": 8
  }
}