{
  "n_states": 2,
  "n_observations": 64,
  "startprob": [
    0.6160311326108694,
    0.3839688673891306
  ],
  "transmat": [
    [
      0.9981961607771725,
      0.001803839222827417
    ],
    [
      0.0011213010755333182,
      0.9988786989244667
    ]
  ],
  "emissionprob": [
    [
      0.010187243692147414,
      0.020778429881052413,
      0.0354612097992048,
      0.007879928423109795,
      0.010110367849921266,
      0.0235240639375396,
      0.008645285756921792,
      0.008119325698517513,
      0.005766418979355281,
      0.026057734291567047,
      0.012626948437194236,
      0.008288002820710976,
      0.002279122775526532,
      0.025442081065870762,
      0.021669739920171675,
      0.007920825809010726,
      0.00590597603846052,
      0.019352867873672668,
      0.043071074934523425,
      0.006559968806678366,
      0.01472603839024966,
      0.028886568528306303,
      0.01093362801188166,
      0.01604560449231503,
      0.005662109564181153,
      0.01639437065331761,
      0.01845697620300574,
      0.004462171829397131,
      0.0044461501730648076,
      0.02472327085992952,
      0.056919491963958804,
      0.007427667983834205,
      0.013999920060367353,
      0.03204972132718004,
      0.05336150371508481,
      0.01362121869937543,
      0.013095089991957128,
      0.04106302734087221,
      0.011468414035353218,
      0.016147187415095764,
      0.010748226529130772,
      0.03154394293412069,
      0.021296547760304554,
      0.008571276947934059,
      0.00315019493296286,
      0.017077989431665754,
      0.0360183980333726,
      0.004818077465326746,
      0.000289486032572983,
      0.017990099515848033,
      0.0004926799863034514,
      0.006966103740618266,
      0.007722663217531987,
      0.021586961362454672,
      0.0065155016833139175,
      0.009799126094539128,
      0.0012639119274373,
      0.015163710689812133,
      0.013446245347325055,
      0.007351326196819133,
      0.0017282869875536466,
      0.024233682772216512,
      0.00862479490171782,
      0.010064017479233545
    ],
    [
      0.040304187162199544,
      0.016603151197059268,
      0.03061327279824864,
      0.026306378944452227,
      0.020164586161390264,
      0.012751724532870296,
      0.0032997563665248305,
      0.01850061542597638,
      0.019004158570062397,
      0.013391918073658455,
      0.011158459753936615,
      0.01738795659452978,
      0.012042207411289816,
      0.01445342900465341,
      0.022137313066647634,
      0.023594490638974234,
      0.019186555362213534,
      0.010408188149113384,
      0.028928284832468995,
      0.015573870099231791,
      0.02070806460312621,
      0.010476052555568495,
      0.0026575916604039502,
      0.020515939982060347,
      0.007266048210556911,
      0.003565146899048457,
      0.005212938719004161,
      0.004915011158715749,
      0.009393038002762038,
      0.012104030323997886,
      0.02090231398682345,
      0.018957004199375745,
      0.047784452405278656,
      0.018895693277663186,
      0.029657564806476234,
      0.03251534494612536,
      0.02031854185374071,
      0.01508297313273492,
      0.002394709883758332,
      0.02136105791880217,
      0.02262252693309432,
      0.012019423811989534,
      0.010702224577835904,
      0.013036391526374947,
      0.011209889249435792,
      0.010670404337464837,
      0.019497999484783462,
      0.017302454098279282,
      0.000999534420988231,
      0.010989733121365648,
      0.0005050535175227766,
      0.016831934373403787,
      0.017530110894433678,
      0.012778296865537367,
      0.002253118773949499,
      0.020795051873263696,
      0.0013104921521124224,
      0.0075224533011093025,
      0.010646724753922409,
      0.012664660464083486,
      0.013553604830041133,
      0.013714395602181665,
      0.016876503189563106,
      0.023472995175739246
    ]
  ],
  "trinuc_order": [
    "AAA",
    "AAC",
    "AAG",
    "AAT",
    "ACA",
    "ACC",
    "ACG",
    "ACT",
    "AGA",
    "AGC",
    "AGG",
    "AGT",
    "ATA",
    "ATC",
    "ATG",
    "ATT",
    "CAA",
    "CAC",
    "CAG",
    "CAT",
    "CCA",
    "CCC",
    "CCG",
    "CCT",
    "CGA",
    "CGC",
    "CGG",
    "CGT",
    "CTA",
    "CTC",
    "CTG",
    "CTT",
    "GAA",
    "GAC",
    "GAG",
    "GAT",
    "GCA",
    "GCC",
    "GCG",
    "GCT",
    "GGA",
    "GGC",
    "GGG",
    "GGT",
    "GTA",
    "GTC",
    "GTG",
    "GTT",
    "TAA",
    "TAC",
    "TAG",
    "TAT",
    "TCA",
    "TCC",
    "TCG",
    "TCT",
    "TGA",
    "TGC",
    "TGG",
    "TGT",
    "TTA",
    "TTC",
    "TTG",
    "TTT"
  ],
  "ngram": 3,
  "training": {
    "train_method": "viterbi",
    "learn": "t",
    "n_em_iter": 0,
    "n_viterbi_iter": 20,
    "self_loop": 0.995,
    "emis_smooth": 1.0,
    "trans_smooth": 1.0,
    "n_workers": 8
  }
}