{
  "n_states": 2,
  "n_observations": 64,
  "startprob": [
    0.6175174985811961,
    0.38248250141880386
  ],
  "transmat": [
    [
      0.9982162197098465,
      0.001783780290153515
    ],
    [
      0.0011191687243198817,
      0.9988808312756802
    ]
  ],
  "emissionprob": [
    [
      0.010247391916428221,
      0.02076970573417936,
      0.03543807699129055,
      0.00791433523142363,
      0.010133727668019767,
      0.0235189527435288,
      0.00862862824469785,
      0.008141495751518754,
      0.005791025479689025,
      0.026022309828303995,
      0.012633753214479538,
      0.008311068252161616,
      0.002288710830453116,
      0.025418181548401024,
      0.02167571617925188,
      0.007954201706727481,
      0.005931146061778758,
      0.019339775893856628,
      0.043037287892643834,
      0.006581607920774339,
      0.014739061460862754,
      0.028851401772742334,
      0.010911739851091435,
      0.01608433103340539,
      0.005669046383552167,
      0.01635527748564604,
      0.018425926535100765,
      0.004461993656919024,
      0.004455106611325803,
      0.024693921916300838,
      0.056817258264349725,
      0.007460966059323499,
      0.014059651613479404,
      0.03201443144009103,
      0.05328806733962808,
      0.013654967694576886,
      0.013112962805614399,
      0.04100768115554546,
      0.011442266330731888,
      0.016163616046088333,
      0.010797991614322088,
      0.03150227041536584,
      0.021279319111957466,
      0.008583218537575063,
      0.003161321904010542,
      0.017075589664784254,
      0.03599150429733448,
      0.004846296400244854,
      0.0002926714415916242,
      0.01798098419521023,
      0.0004940755310129122,
      0.006976661174294466,
      0.007750361954840298,
      0.021582769059863685,
      0.0065044226171137205,
      0.009832069471812597,
      0.0012648087228071933,
      0.015144893220697475,
      0.013439509552766177,
      0.007365975223153576,
      0.00174609002684408,
      0.024205781562791028,
      0.00864660175392894,
      0.010088037999694002
    ],
    [
      0.04035916735314626,
      0.016595882746289016,
      0.030616766901850265,
      0.026342214257785775,
      0.020179930534826137,
      0.01271700544269416,
      0.003295487415237478,
      0.018518248264077216,
      0.01903000549988723,
      0.013378091579725575,
      0.01114684236433179,
      0.017400080029191592,
      0.012069125612481019,
      0.014435161375673746,
      0.022133538988589083,
      0.02362120118914314,
      0.019212041849707193,
      0.01038747972228113,
      0.028907552203837138,
      0.015586987707703219,
      0.02071799761145699,
      0.010440972972856313,
      0.002647402039392923,
      0.020496753432445038,
      0.007265549899567835,
      0.0035540895127587056,
      0.005192981911624731,
      0.004916831355821635,
      0.009402916147813824,
      0.012084798466876245,
      0.02086437179422683,
      0.018968624435706585,
      0.04785323260843727,
      0.01887995718895589,
      0.02963824123030571,
      0.03255349492063343,
      0.020328565719541516,
      0.015038720429113504,
      0.002385511211769091,
      0.02136505525914448,
      0.022620296736978518,
      0.011986239336613807,
      0.010679277439275525,
      0.013041767540326384,
      0.011229163389712617,
      0.01064916500427355,
      0.019462242269544423,
      0.017322229621293993,
      0.0009992087007054686,
      0.010972488282485883,
      0.0005038180357966966,
      0.016858338824399233,
      0.01754057046826224,
      0.012749918436924135,
      0.002247692865906809,
      0.02080504618636031,
      0.0013098395361780609,
      0.007511767872796442,
      0.010642664623680121,
      0.012670654902810575,
      0.013580528333463255,
      0.013701517630753614,
      0.016886678428330273,
      0.02350000634622137
    ]
  ],
  "trinuc_order": [
    "AAA",
    "AAC",
    "AAG",
    "AAT",
    "ACA",
    "ACC",
    "ACG",
    "ACT",
    "AGA",
    "AGC",
    "AGG",
    "AGT",
    "ATA",
    "ATC",
    "ATG",
    "ATT",
    "CAA",
    "CAC",
    "CAG",
    "CAT",
    "CCA",
    "CCC",
    "CCG",
    "CCT",
    "CGA",
    "CGC",
    "CGG",
    "CGT",
    "CTA",
    "CTC",
    "CTG",
    "CTT",
    "GAA",
    "GAC",
    "GAG",
    "GAT",
    "GCA",
    "GCC",
    "GCG",
    "GCT",
    "GGA",
    "GGC",
    "GGG",
    "GGT",
    "GTA",
    "GTC",
    "GTG",
    "GTT",
    "TAA",
    "TAC",
    "TAG",
    "TAT",
    "TCA",
    "TCC",
    "TCG",
    "TCT",
    "TGA",
    "TGC",
    "TGG",
    "TGT",
    "TTA",
    "TTC",
    "TTG",
    "TTT"
  ],
  "ngram": 3,
  "training": {
    "train_method": "hybrid",
    "learn": "t",
    "n_em_iter": 5,
    "n_viterbi_iter": 15,
    "self_loop": 0.995,
    "emis_smooth": 1.0,
    "trans_smooth": 1.0,
    "n_workers": 8
  }
}