{
  "n_states": 2,
  "n_observations": 64,
  "startprob": [
    0.8710442396562441,
    0.12895576034375592
  ],
  "transmat": [
    [
      0.9996878227533947,
      0.00031217724660522183
    ],
    [
      0.0005036235902590317,
      0.999496376409741
    ]
  ],
  "emissionprob": [
    [
      0.02071525236337444,
      0.019586946997166184,
      0.034852977557785096,
      0.01395831888191546,
      0.013100222016376666,
      0.019634622831752713,
      0.006665108938004086,
      0.011266917487903365,
      0.009924087905310408,
      0.021135866365078675,
      0.01214939752688509,
      0.010996896419035349,
      0.005394167970893818,
      0.022229530926528386,
      0.022419791244252894,
      0.01378076984818007,
      0.010238990370997908,
      0.015967621871948535,
      0.03830981635040191,
      0.00912995640182945,
      0.016372542720095157,
      0.02203545381575621,
      0.007741938715832823,
      0.017277412339722593,
      0.006489059358680281,
      0.011646466885835784,
      0.013724966289112565,
      0.004659077484869014,
      0.0062349699929353545,
      0.020465746557137655,
      0.04452733814654792,
      0.011468781538062977,
      0.0269277475793907,
      0.028205436091353103,
      0.046293286501282636,
      0.021374364812794054,
      0.015909074992878018,
      0.0319691518607045,
      0.008070148839423138,
      0.018547859168447225,
      0.014869782693102934,
      0.02446276380152792,
      0.01760967780592606,
      0.010094582687609478,
      0.005796294381273395,
      0.015191466782151919,
      0.03086749588881123,
      0.00927758450435185,
      0.00046253056820990003,
      0.015750252100032763,
      0.0004246182265533509,
      0.010542953635182708,
      0.010284246631420286,
      0.018318817507077638,
      0.004887011594684591,
      0.01316497118414965,
      0.0009888731451855423,
      0.012015946084254037,
      0.012222086987337602,
      0.008474762980985573,
      0.0054705719888659375,
      0.020598294919270822,
      0.011935111860065871,
      0.014891218075486727
    ],
    [
      0.04520449447781535,
      0.0149375439599499,
      0.025827324689913878,
      0.03063988134418086,
      0.02373128920349899,
      0.011454223352277642,
      0.002840329939405793,
      0.02196085511427393,
      0.022886693973553193,
      0.013149494546772132,
      0.010787850065383568,
      0.020605791617613316,
      0.014726536200431043,
      0.010352231253471348,
      0.020055265728102147,
      0.02474344941894506,
      0.02248605505760399,
      0.009903636028540587,
      0.02595514549254577,
      0.019178072745646008,
      0.023317235058632074,
      0.009008514282203759,
      0.002409663478355719,
      0.022460666423437282,
      0.006547446655658656,
      0.002445959822016271,
      0.003434298602935553,
      0.004846658918431647,
      0.009978924299242353,
      0.009484942972739503,
      0.014312043239664946,
      0.020793228694547774,
      0.04916932150285669,
      0.013981489491612974,
      0.021319682397589773,
      0.03136493058559355,
      0.020431080201755013,
      0.010899936183630662,
      0.0017511261896612468,
      0.020082723065793548,
      0.02466258191752518,
      0.009784340791949859,
      0.008917365951145999,
      0.013901123494077867,
      0.013151625938282424,
      0.00832772275862242,
      0.014513710489329878,
      0.018983050422454333,
      0.0013916105922635504,
      0.009088128023911705,
      0.0007733816783078256,
      0.01796612592010291,
      0.022314916856924702,
      0.01203997988969422,
      0.002069079652608259,
      0.02434281050299586,
      0.0023898540749071277,
      0.008032587722432646,
      0.011094519690923156,
      0.01622941796712893,
      0.016918045488909867,
      0.011848844221609551,
      0.016652749933864175,
      0.02514038974374405
    ]
  ],
  "trinuc_order": [
    "AAA",
    "AAC",
    "AAG",
    "AAT",
    "ACA",
    "ACC",
    "ACG",
    "ACT",
    "AGA",
    "AGC",
    "AGG",
    "AGT",
    "ATA",
    "ATC",
    "ATG",
    "ATT",
    "CAA",
    "CAC",
    "CAG",
    "CAT",
    "CCA",
    "CCC",
    "CCG",
    "CCT",
    "CGA",
    "CGC",
    "CGG",
    "CGT",
    "CTA",
    "CTC",
    "CTG",
    "CTT",
    "GAA",
    "GAC",
    "GAG",
    "GAT",
    "GCA",
    "GCC",
    "GCG",
    "GCT",
    "GGA",
    "GGC",
    "GGG",
    "GGT",
    "GTA",
    "GTC",
    "GTG",
    "GTT",
    "TAA",
    "TAC",
    "TAG",
    "TAT",
    "TCA",
    "TCC",
    "TCG",
    "TCT",
    "TGA",
    "TGC",
    "TGG",
    "TGT",
    "TTA",
    "TTC",
    "TTG",
    "TTT"
  ],
  "ngram": 3,
  "training": {
    "train_method": "hybrid",
    "learn": "t",
    "n_em_iter": 15,
    "n_viterbi_iter": 5,
    "self_loop": 0.995,
    "emis_smooth": 1.0,
    "trans_smooth": 1.0,
    "n_workers": 8
  }
}