{
  "n_states": 2,
  "n_observations": 4,
  "startprob": [
    0.9720047501266006,
    0.027995249873399523
  ],
  "transmat": [
    [
      0.998486058882765,
      0.0015139411172349815
    ],
    [
      0.02007063412388091,
      0.979929365876119
    ]
  ],
  "emissionprob": [
    [
      0.2631598314229531,
      0.2553990328426006,
      0.26330421066742593,
      0.2181369250670203
    ],
    [
      0.2897753324163228,
      0.32294054714962556,
      0.1279229711141678,
      0.25936114931988385
    ]
  ],
  "base_order": [
    "A",
    "C",
    "G",
    "T"
  ],
  "ngram": 1,
  "training": {
    "train_method": "em",
    "learn": "t",
    "n_em_iter": 20,
    "n_viterbi_iter": 0,
    "self_loop": 0.995,
    "emis_smooth": 1.0,
    "trans_smooth": 1.0,
    "n_workers": 8
  }
}