{
  "n_states": 2,
  "n_observations": 4,
  "startprob": [
    0.9944126151933627,
    0.005587384806637306
  ],
  "transmat": [
    [
      0.9999749313744675,
      2.5068625532544384e-05
    ],
    [
      0.001408415436893061,
      0.9985915845631069
    ]
  ],
  "emissionprob": [
    [
      0.264008837993786,
      0.2531909216486802,
      0.26457477241444144,
      0.21822546794309247
    ],
    [
      0.20807804560905113,
      0.39892019476068324,
      0.1805352385394362,
      0.21246652109082942
    ]
  ],
  "base_order": [
    "A",
    "C",
    "G",
    "T"
  ],
  "ngram": 1,
  "training": {
    "train_method": "hybrid",
    "learn": "t",
    "n_em_iter": 10,
    "n_viterbi_iter": 10,
    "self_loop": 0.995,
    "emis_smooth": 1.0,
    "trans_smooth": 1.0,
    "n_workers": 8
  }
}